{
  "v1": {
    "情节逻辑": 7.5,
    "人物塑造": 7.0,
    "文笔质量": 8.5,
    "节奏把控": 7.5,
    "悬念营造": 8.0,
    "氛围渲染": 9.0,
    "创新性": 8.0
  },
  "v2": {
    "情节逻辑": 7.0,
    "人物塑造": 6.5,
    "文笔质量": 7.5,
    "节奏把控": 7.0,
    "悬念营造": 8.0,
    "氛围渲染": 8.5,
    "创新性": 6.0
  },
  "v1_avg": 7.928571428571429,
  "v2_avg": 7.214285714285714,
  "winner": "V1",
  "margin": 0.7142857142857144
}